{
  "centre": [
      [
        47.2003053,-1.5893376
      ],
      [
        47.1996273,-1.5891874
      ],
      [
        47.1978997,-1.588254
      ],
      [
        47.1958512,-1.5860653
      ],
      [
        47.1981111,-1.5767956
      ],
      [
        47.198286,-1.5543079
      ],
      [
        47.1993357,-1.5419054
      ],
      [
        47.2046424,-1.5284729
      ],
      [
        47.2098027,-1.5194178
      ],
      [
        47.2140006,-1.5148473
      ],
      [
        47.2182273,-1.5158343
      ],
      [
        47.2208069,-1.5168214
      ],
      [
        47.2225848,-1.5182376
      ],
      [
        47.2330982,-1.5327108
      ],
      [
        47.233681,-1.5344489
      ],
      [
        47.2354804,-1.547184
      ],
      [
        47.235087,-1.5509605
      ],
      [
        47.2333022,-1.555177
      ],
      [
        47.2330108,-1.5565503
      ],
      [
        47.2330108,-1.5579343
      ],
      [
        47.2342201,-1.5633845
      ],
      [
        47.2331929,-1.566174
      ],
      [
        47.2296814,-1.572268
      ],
      [
        47.2279183,-1.5808511
      ],
      [
        47.227248,-1.5823531
      ],
      [
        47.2264465,-1.583147
      ],
      [
        47.218067,-1.5877604
      ],
      [
        47.2174257,-1.5876102
      ],
      [
        47.2141901,-1.5859151
      ],
      [
        47.2088115,-1.5871596
      ],
      [
        47.2003709,-1.5893483
      ],
      [
        47.2003053,-1.5893376
      ]
    ],
  "nord": [
    [
      47.2353638,-1.5489435
    ],
    [
      47.235393,-1.5473127
    ],
    [
      47.2338486,-1.5359402
    ],
    [
      47.2332658,-1.5333223
    ],
    [
      47.2228617,-1.5186024
    ],
    [
      47.2214627,-1.5172291
    ],
    [
      47.2180524,-1.515727
    ],
    [
      47.2168136,-1.5153408
    ],
    [
      47.2246396,-1.4839268
    ],
    [
      47.2413661,-1.4612675
    ],
    [
      47.2443961,-1.4428139
    ],
    [
      47.2645531,-1.4186096
    ],
    [
      47.2806265,-1.405735
    ],
    [
      47.3021666,-1.4342308
    ],
    [
      47.3131079,-1.492424
    ],
    [
      47.2990234,-1.5317345
    ],
    [
      47.2927366,-1.5329361
    ],
    [
      47.2831885,-1.526413
    ],
    [
      47.2768998,-1.5276146
    ],
    [
      47.2665334,-1.537571
    ],
    [
      47.2590777,-1.536541
    ],
    [
      47.2489409,-1.5411758
    ],
    [
      47.2376366,-1.5495872
    ],
    [
      47.2353638,-1.5489435
    ]
  ],
  "ouest": [
    [
      47.2003053,-1.5893376
    ],
    [
      47.2003709,-1.5893483
    ],
    [
      47.2088115,-1.5871596
    ],
    [
      47.2141901,-1.5859151
    ],
    [
      47.2174257,-1.5876102
    ],
    [
      47.218067,-1.5877604
    ],
    [
      47.2264465,-1.583147
    ],
    [
      47.227248,-1.5823531
    ],
    [
      47.2279183,-1.5808511
    ],
    [
      47.2296814,-1.572268
    ],
    [
      47.2331929,-1.566174
    ],
    [
      47.2342201,-1.5633845
    ],
    [
      47.2330108,-1.5579343
    ],
    [
      47.2330108,-1.5565503
    ],
    [
      47.2333022,-1.555177
    ],
    [
      47.235087,-1.5509605
    ],
    [
      47.235291,-1.5490508
    ],
    [
      47.23803,-1.5500593
    ],
    [
      47.2520287,-1.5395451
    ],
    [
      47.2640871,-1.5367985
    ],
    [
      47.2724739,-1.5318203
    ],
    [
      47.2815581,-1.526413
    ],
    [
      47.2943666,-1.5343094
    ],
    [
      47.3071719,-1.5389442
    ],
    [
      47.3397533,-1.5569687
    ],
    [
      47.3390554,-1.62117
    ],
    [
      47.3101982,-1.6623688
    ],
    [
      47.2773656,-1.7063141
    ],
    [
      47.2412496,-1.7262268
    ],
    [
      47.2079077,-1.7293167
    ],
    [
      47.2068582,-1.7080307
    ],
    [
      47.1920455,-1.6585922
    ],
    [
      47.1934453,-1.6204834
    ],
    [
      47.1919289,-1.5997124
    ],
    [
      47.1954283,-1.5861511
    ],
    [
      47.1978997,-1.588254
    ],
    [
      47.1996273,-1.5891874
    ],
    [
      47.2003053,-1.5893376
    ]
  ],
  "sud": [
    [
      47.21024,-1.7832184
    ],
    [
      47.1771121,-1.7766953
    ],
    [
      47.1117288,-1.6620255
    ],
    [
      47.1098595,-1.5260696
    ],
    [
      47.1399936,-1.4996338
    ],
    [
      47.1702856,-1.5029812
    ],
    [
      47.1731155,-1.507659
    ],
    [
      47.1766745,-1.5118647
    ],
    [
      47.1799416,-1.5131092
    ],
    [
      47.1804666,-1.5155983
    ],
    [
      47.1808458,-1.5202332
    ],
    [
      47.1825959,-1.5296745
    ],
    [
      47.183646,-1.532464
    ],
    [
      47.186096,-1.5347815
    ],
    [
      47.1897708,-1.5364981
    ],
    [
      47.1931537,-1.541605
    ],
    [
      47.1976737,-1.5483856
    ],
    [
      47.1979944,-1.568985
    ],
    [
      47.197178,-1.579113
    ],
    [
      47.1920455,-1.6005707
    ],
    [
      47.193562,-1.622715
    ],
    [
      47.1919289,-1.6378212
    ],
    [
      47.1915789,-1.6517258
    ],
    [
      47.1958949,-1.6738701
    ],
    [
      47.2067416,-1.7056274
    ],
    [
      47.2076745,-1.7263985
    ],
    [
      47.2035928,-1.7523193
    ],
    [
      47.21024,-1.7832184
    ]
  ],
  "est": [
    [
      47.1983152,-1.5493298
    ],
    [
      47.1932995,-1.5417337
    ],
    [
      47.1902374,-1.5369701
    ],
    [
      47.1853377,-1.5342236
    ],
    [
      47.1827418,-1.530447
    ],
    [
      47.1811375,-1.5225935
    ],
    [
      47.1802625,-1.5138817
    ],
    [
      47.1790082,-1.5122509
    ],
    [
      47.1773746,-1.5119934
    ],
    [
      47.173874,-1.5089035
    ],
    [
      47.1701106,-1.5022087
    ],
    [
      47.169848,-1.4981318
    ],
    [
      47.1675139,-1.4918661
    ],
    [
      47.1690019,-1.4829397
    ],
    [
      47.1675431,-1.4815235
    ],
    [
      47.1658509,-1.4815235
    ],
    [
      47.1639835,-1.4823818
    ],
    [
      47.1616492,-1.4799786
    ],
    [
      47.1579724,-1.4737129
    ],
    [
      47.1516688,-1.4707947
    ],
    [
      47.1507349,-1.4676189
    ],
    [
      47.152953,-1.4586067
    ],
    [
      47.1696438,-1.4175797
    ],
    [
      47.2093071,-1.4083099
    ],
    [
      47.2438135,-1.4570618
    ],
    [
      47.2306431,-1.4749146
    ],
    [
      47.2239984,-1.4881325
    ],
    [
      47.2170031,-1.5119076
    ],
    [
      47.2083159,-1.520319
    ],
    [
      47.2031263,-1.5306187
    ],
    [
      47.1989275,-1.545639
    ],
    [
      47.1983152,-1.5493298
    ]
  ]
}
